{"caption": "\u041f\u0440\u0435\u0434\u043f\u043e\u043b\u043e\u0436\u0438\u0442\u0435\u043b\u044c\u043d\u0430\u044f \u043e\u0446\u0435\u043d\u043a\u0430 $\\GB:\\chi/\\alpha,n=10$", "rows": [1, 2, 3, 4, 5, 6, 7, 8], "values": [[[10, 1.0], null, null, null, null, null, null, null], [[5, 9.0], [45, 1.0], null, null, null, null, null, null], [[8, 15.0], [13, 9.2307699999999997], [120, 1.0], null, null, null, null, null], [[28, 7.5], [12, 17.5], [30, 7.0], [210, 1.0], null, null, null, null], [[66, 3.8181799999999999], [27, 9.3333300000000001], [12, 21.0], [33, 7.6363599999999998], [252, 1.0], null, null, null], [[210, 1.0], [84, 2.5], [28, 7.5], [12, 17.5], [30, 7.0], [210, 1.0], null, null], [[120, 1.0], [120, 1.0], [120, 1.0], [36, 3.3333300000000001], [8, 15.0], [13, 9.2307699999999997], [120, 1.0], null], [[45, 1.0], [45, 1.0], [45, 1.0], [45, 1.0], [45, 1.0], [9, 5.0], [5, 9.0], [45, 1.0]]], "cols": ["$k$ \\textbackslash $t$", 1, 2, 3, 4, 5, 6, 7, 8]}
