{"caption": "\u041f\u0440\u0435\u0434\u043f\u043e\u043b\u043e\u0436\u0438\u0442\u0435\u043b\u044c\u043d\u0430\u044f \u043e\u0446\u0435\u043d\u043a\u0430 $\\GB:\\chi/\\alpha,n=11$", "rows": [1, 2, 3, 4, 5, 6, 7, 8, 9], "values": [[[11, 1.0], null, null, null, null, null, null, null, null], [[5, 11.0], [55, 1.0], null, null, null, null, null, null, null], [[9, 18.333300000000001], [17, 9.7058800000000005], [165, 1.0], null, null, null, null, null, null], [[36, 9.1666699999999999], [18, 18.333300000000001], [34, 9.7058800000000005], [330, 1.0], null, null, null, null, null], [[91, 5.0769200000000003], [37, 12.486499999999999], [18, 25.666699999999999], [49, 9.4285700000000006], [462, 1.0], null, null, null, null], [[167, 2.76647], [91, 5.0769200000000003], [37, 12.486499999999999], [18, 25.666699999999999], [50, 9.2400000000000002], [462, 1.0], null, null, null], [[330, 1.0], [330, 1.0], [120, 2.75], [36, 9.1666699999999999], [18, 18.333300000000001], [34, 9.7058800000000005], [330, 1.0], null, null], [[165, 1.0], [165, 1.0], [165, 1.0], [165, 1.0], [45, 3.6666699999999999], [9, 18.333300000000001], [17, 9.7058800000000005], [165, 1.0], null], [[55, 1.0], [55, 1.0], [55, 1.0], [55, 1.0], [55, 1.0], [55, 1.0], [10, 5.5], [5, 11.0], [55, 1.0]]], "cols": ["$k$ \\textbackslash $t$", 1, 2, 3, 4, 5, 6, 7, 8, 9]}
