{"caption": "\u041f\u0440\u0435\u0434\u043f\u043e\u043b\u043e\u0436\u0438\u0442\u0435\u043b\u044c\u043d\u0430\u044f \u043e\u0446\u0435\u043d\u043a\u0430 $\\GB:\\chi/\\alpha,n=12$", "rows": [1, 2, 3, 4, 5, 6, 7, 8, 9, 10], "values": [[[12, 1.0], null, null, null, null, null, null, null, null, null], [[6, 11.0], [66, 1.0], null, null, null, null, null, null, null, null], [[12, 18.333300000000001], [20, 11.0], [220, 1.0], null, null, null, null, null, null, null], [[45, 11.0], [20, 24.75], [45, 11.0], [495, 1.0], null, null, null, null, null, null], [[120, 6.5999999999999996], [57, 13.8947], [25, 31.68], [69, 11.478300000000001], [792, 1.0], null, null, null, null, null], [[208, 4.44231], [112, 8.25], [74, 12.486499999999999], [28, 33.0], [83, 11.1325], [924, 1.0], null, null, null, null], [[792, 1.0], [272, 2.9117600000000001], [120, 6.5999999999999996], [57, 13.8947], [25, 31.68], [69, 11.478300000000001], [792, 1.0], null, null, null], [[495, 1.0], [495, 1.0], [495, 1.0], [165, 3.0], [45, 11.0], [20, 24.75], [45, 11.0], [495, 1.0], null, null], [[220, 1.0], [220, 1.0], [220, 1.0], [220, 1.0], [220, 1.0], [55, 4.0], [12, 18.333300000000001], [20, 11.0], [220, 1.0], null], [[66, 1.0], [66, 1.0], [66, 1.0], [66, 1.0], [66, 1.0], [66, 1.0], [66, 1.0], [11, 6.0], [6, 11.0], [66, 1.0]]], "cols": ["$k$ \\textbackslash $t$", 1, 2, 3, 4, 5, 6, 7, 8, 9, 10]}
