{"caption": "\u041f\u0440\u0435\u0434\u043f\u043e\u043b\u043e\u0436\u0438\u0442\u0435\u043b\u044c\u043d\u0430\u044f \u043e\u0446\u0435\u043d\u043a\u0430 $\\GB:\\chi/\\alpha,n=13$", "rows": [1, 2, 3, 4, 5, 6, 7, 8, 9, 10, 11], "values": [[[13, 1.0], null, null, null, null, null, null, null, null, null, null], [[6, 13.0], [78, 1.0], null, null, null, null, null, null, null, null, null], [[12, 23.833300000000001], [26, 11.0], [286, 1.0], null, null, null, null, null, null, null, null], [[55, 13.0], [22, 32.5], [58, 12.3276], [715, 1.0], null, null, null, null, null, null, null], [[165, 7.7999999999999998], [62, 20.758099999999999], [33, 39.0], [98, 13.1327], [1287, 1.0], null, null, null, null, null, null], [[296, 5.7972999999999999], [148, 11.5946], [86, 19.953499999999998], [41, 41.853700000000003], [130, 13.199999999999999], [1716, 1.0], null, null, null, null, null], [[526, 3.2623600000000001], [303, 5.6633699999999996], [148, 11.5946], [86, 19.953499999999998], [40, 42.899999999999999], [127, 13.511799999999999], [1716, 1.0], null, null, null, null], [[1287, 1.0], [1287, 1.0], [461, 2.79176], [165, 7.7999999999999998], [62, 20.758099999999999], [32, 40.218800000000002], [100, 12.869999999999999], [1287, 1.0], null, null, null], [[715, 1.0], [715, 1.0], [715, 1.0], [715, 1.0], [220, 3.25], [55, 13.0], [22, 32.5], [58, 12.3276], [715, 1.0], null, null], [[286, 1.0], [286, 1.0], [286, 1.0], [286, 1.0], [286, 1.0], [286, 1.0], [66, 4.3333300000000001], [12, 23.833300000000001], [26, 11.0], [286, 1.0], null], [[78, 1.0], [78, 1.0], [78, 1.0], [78, 1.0], [78, 1.0], [78, 1.0], [78, 1.0], [78, 1.0], [12, 6.5], [6, 13.0], [78, 1.0]]], "cols": ["$k$ \\textbackslash $t$", 1, 2, 3, 4, 5, 6, 7, 8, 9, 10, 11]}
