{"caption": "\u041f\u0440\u0435\u0434\u043f\u043e\u043b\u043e\u0436\u0438\u0442\u0435\u043b\u044c\u043d\u0430\u044f \u043e\u0446\u0435\u043d\u043a\u0430 $\\GB:\\chi/\\alpha,n=14$", "rows": [1, 2, 3, 4, 5, 6, 7, 8, 9, 10, 11, 12], "values": [[[14, 1.0], null, null, null, null, null, null, null, null, null, null, null], [[7, 13.0], [91, 1.0], null, null, null, null, null, null, null, null, null, null], [[12, 30.333300000000001], [28, 13.0], [364, 1.0], null, null, null, null, null, null, null, null, null], [[66, 15.166700000000001], [29, 34.517200000000003], [74, 13.526999999999999], [1001, 1.0], null, null, null, null, null, null, null, null], [[220, 9.0999999999999996], [67, 29.880600000000001], [42, 47.666699999999999], [137, 14.613099999999999], [2002, 1.0], null, null, null, null, null, null, null], [[451, 6.6585400000000003], [189, 15.8889], [98, 30.642900000000001], [52, 57.75], [198, 15.166700000000001], [3003, 1.0], null, null, null, null, null, null], [[642, 5.34579], [424, 8.0943400000000008], [184, 18.652200000000001], [100, 34.32], [55, 62.399999999999999], [223, 15.3901], [3432, 1.0], null, null, null, null, null], [[3003, 1.0], [741, 4.0526299999999997], [448, 6.7031200000000002], [189, 15.8889], [98, 30.642900000000001], [50, 60.060000000000002], [197, 15.2437], [3003, 1.0], null, null, null, null], [[2002, 1.0], [2002, 1.0], [2002, 1.0], [715, 2.7999999999999998], [220, 9.0999999999999996], [67, 29.880600000000001], [41, 48.829300000000003], [139, 14.402900000000001], [2002, 1.0], null, null, null], [[1001, 1.0], [1001, 1.0], [1001, 1.0], [1001, 1.0], [1001, 1.0], [286, 3.5], [66, 15.166700000000001], [29, 34.517200000000003], [74, 13.526999999999999], [1001, 1.0], null, null], [[364, 1.0], [364, 1.0], [364, 1.0], [364, 1.0], [364, 1.0], [364, 1.0], [364, 1.0], [78, 4.6666699999999999], [12, 30.333300000000001], [28, 13.0], [364, 1.0], null], [[91, 1.0], [91, 1.0], [91, 1.0], [91, 1.0], [91, 1.0], [91, 1.0], [91, 1.0], [91, 1.0], [91, 1.0], [13, 7.0], [7, 13.0], [91, 1.0]]], "cols": ["$k$ \\textbackslash $t$", 1, 2, 3, 4, 5, 6, 7, 8, 9, 10, 11, 12]}
