{"caption": "\u041f\u0440\u0435\u0434\u043f\u043e\u043b\u043e\u0436\u0438\u0442\u0435\u043b\u044c\u043d\u0430\u044f \u043e\u0446\u0435\u043d\u043a\u0430 $\\GB:\\chi/\\alpha,n=8$", "rows": [1, 2, 3, 4, 5, 6], "values": [[[8, 1.0], null, null, null, null, null], [[4, 7.0], [28, 1.0], null, null, null, null], [[8, 7.0], [8, 7.0], [56, 1.0], null, null, null], [[17, 4.1176500000000003], [10, 7.0], [14, 5.0], [70, 1.0], null, null], [[56, 1.0], [21, 2.6666699999999999], [8, 7.0], [8, 7.0], [56, 1.0], null], [[28, 1.0], [28, 1.0], [28, 1.0], [7, 4.0], [4, 7.0], [28, 1.0]]], "cols": ["$k$ \\textbackslash $t$", 1, 2, 3, 4, 5, 6]}
