{"caption": "\u041f\u0440\u0435\u0434\u043f\u043e\u043b\u043e\u0436\u0438\u0442\u0435\u043b\u044c\u043d\u0430\u044f \u043e\u0446\u0435\u043d\u043a\u0430 $\\GB:\\chi/\\alpha,n=9$", "rows": [1, 2, 3, 4, 5, 6, 7], "values": [[[9, 1.0], null, null, null, null, null, null], [[4, 9.0], [36, 1.0], null, null, null, null, null], [[8, 10.5], [12, 7.0], [84, 1.0], null, null, null, null], [[21, 6.0], [11, 11.454499999999999], [18, 7.0], [126, 1.0], null, null, null], [[56, 2.25], [21, 6.0], [11, 11.454499999999999], [18, 7.0], [126, 1.0], null, null], [[84, 1.0], [84, 1.0], [28, 3.0], [8, 10.5], [12, 7.0], [84, 1.0], null], [[36, 1.0], [36, 1.0], [36, 1.0], [36, 1.0], [8, 4.5], [4, 9.0], [36, 1.0]]], "cols": ["$k$ \\textbackslash $t$", 1, 2, 3, 4, 5, 6, 7]}
